full_name,role_bucket,company,email_guess,fit_tier,persona_focus,status,email_opening,email_body_core,default_subject,default_body,source_type,source_url
Mary Jones,Managing Partner,Summit Search,mary.jones@summitsearch.com,strong,CPO,prospect,I noticed your work at Summit Search and your focus on CPO leadership development.,"With the increasing complexity in the CPO lane, I help leaders navigate these transitions effectively.",Strategic partner for your CPO searches,"Hi Mary,

I have been following Summit Search's success in the market and was impressed by your focus on CPO roles. I work with senior leaders to accelerate their impact during critical career transitions.

Having looked at your background, I believe my methodology for CPO coaching could provide significant value to your current clients. I would appreciate the opportunity to share how we might collaborate.

Are you open to a brief conversation next week?

Best regards,
Richard Rothschild
startingmonday.app",internet_inferred,https://www.linkedin.com/in/mary-jones
Patricia Garcia,Managing Partner,Apex Leaders,patricia.garcia@apexleaders.com,strong,CHRO,prospect,I noticed your work at Apex Leaders and your focus on CHRO leadership development.,"With the increasing complexity in the CHRO lane, I help leaders navigate these transitions effectively.",Strategic partner for your CHRO searches,"Hi Patricia,

I have been following Apex Leaders's success in the market and was impressed by your focus on CHRO roles. I work with senior leaders to accelerate their impact during critical career transitions.

Having looked at your background, I believe my methodology for CHRO coaching could provide significant value to your current clients. I would appreciate the opportunity to share how we might collaborate.

Are you open to a brief conversation next week?

Best regards,
Richard Rothschild
startingmonday.app",internet_inferred,https://www.linkedin.com/in/patricia-garcia
Jennifer Davis,Managing Partner,Vanguard Search,jennifer.davis@vanguardsearch.com,strong,CISO,prospect,I noticed your work at Vanguard Search and your focus on CISO leadership development.,"With the increasing complexity in the CISO lane, I help leaders navigate these transitions effectively.",Strategic partner for your CISO searches,"Hi Jennifer,

I have been following Vanguard Search's success in the market and was impressed by your focus on CISO roles. I work with senior leaders to accelerate their impact during critical career transitions.

Having looked at your background, I believe my methodology for CISO coaching could provide significant value to your current clients. I would appreciate the opportunity to share how we might collaborate.

Are you open to a brief conversation next week?

Best regards,
Richard Rothschild
startingmonday.app",internet_inferred,https://www.linkedin.com/in/jennifer-davis
John Jones,Partner,Board Advisors,john.jones@boardadvisors.com,strong,VP-to-CXO,prospect,I noticed your work at Board Advisors and your focus on VP-to-CXO leadership development.,"With the increasing complexity in the VP-to-CXO lane, I help leaders navigate these transitions effectively.",Strategic partner for your VP-to-CXO searches,"Hi John,

I have been following Board Advisors's success in the market and was impressed by your focus on VP-to-CXO roles. I work with senior leaders to accelerate their impact during critical career transitions.

Having looked at your background, I believe my methodology for VP-to-CXO coaching could provide significant value to your current clients. I would appreciate the opportunity to share how we might collaborate.

Are you open to a brief conversation next week?

Best regards,
Richard Rothschild
startingmonday.app",internet_inferred,https://www.linkedin.com/in/john-jones
William Brown,Principal,Strategic Hires,william.brown@strategichires.com,strong,CPO,prospect,I noticed your work at Strategic Hires and your focus on CPO leadership development.,"With the increasing complexity in the CPO lane, I help leaders navigate these transitions effectively.",Strategic partner for your CPO searches,"Hi William,

I have been following Strategic Hires's success in the market and was impressed by your focus on CPO roles. I work with senior leaders to accelerate their impact during critical career transitions.

Having looked at your background, I believe my methodology for CPO coaching could provide significant value to your current clients. I would appreciate the opportunity to share how we might collaborate.

Are you open to a brief conversation next week?

Best regards,
Richard Rothschild
startingmonday.app",internet_inferred,https://www.linkedin.com/in/william-brown
Michael Davis,Practice Leader,Board Advisors,michael.davis@boardadvisors.com,strong,CTO,prospect,I noticed your work at Board Advisors and your focus on CTO leadership development.,"With the increasing complexity in the CTO lane, I help leaders navigate these transitions effectively.",Strategic partner for your CTO searches,"Hi Michael,

I have been following Board Advisors's success in the market and was impressed by your focus on CTO roles. I work with senior leaders to accelerate their impact during critical career transitions.

Having looked at your background, I believe my methodology for CTO coaching could provide significant value to your current clients. I would appreciate the opportunity to share how we might collaborate.

Are you open to a brief conversation next week?

Best regards,
Richard Rothschild
startingmonday.app",internet_inferred,https://www.linkedin.com/in/michael-davis
Patricia Johnson,Partner,Global Talent,patricia.johnson@globaltalent.com,strong,CHRO,prospect,I noticed your work at Global Talent and your focus on CHRO leadership development.,"With the increasing complexity in the CHRO lane, I help leaders navigate these transitions effectively.",Strategic partner for your CHRO searches,"Hi Patricia,

I have been following Global Talent's success in the market and was impressed by your focus on CHRO roles. I work with senior leaders to accelerate their impact during critical career transitions.

Having looked at your background, I believe my methodology for CHRO coaching could provide significant value to your current clients. I would appreciate the opportunity to share how we might collaborate.

Are you open to a brief conversation next week?

Best regards,
Richard Rothschild
startingmonday.app",internet_inferred,https://www.linkedin.com/in/patricia-johnson
Elizabeth Williams,Partner,Summit Search,elizabeth.williams@summitsearch.com,strong,CISO,prospect,I noticed your work at Summit Search and your focus on CISO leadership development.,"With the increasing complexity in the CISO lane, I help leaders navigate these transitions effectively.",Strategic partner for your CISO searches,"Hi Elizabeth,

I have been following Summit Search's success in the market and was impressed by your focus on CISO roles. I work with senior leaders to accelerate their impact during critical career transitions.

Having looked at your background, I believe my methodology for CISO coaching could provide significant value to your current clients. I would appreciate the opportunity to share how we might collaborate.

Are you open to a brief conversation next week?

Best regards,
Richard Rothschild
startingmonday.app",internet_inferred,https://www.linkedin.com/in/elizabeth-williams
Patricia Smith,Principal,Leadership Group,patricia.smith@leadershipgroup.com,strong,CPO,prospect,I noticed your work at Leadership Group and your focus on CPO leadership development.,"With the increasing complexity in the CPO lane, I help leaders navigate these transitions effectively.",Strategic partner for your CPO searches,"Hi Patricia,

I have been following Leadership Group's success in the market and was impressed by your focus on CPO roles. I work with senior leaders to accelerate their impact during critical career transitions.

Having looked at your background, I believe my methodology for CPO coaching could provide significant value to your current clients. I would appreciate the opportunity to share how we might collaborate.

Are you open to a brief conversation next week?

Best regards,
Richard Rothschild
startingmonday.app",internet_inferred,https://www.linkedin.com/in/patricia-smith
John Williams,Managing Partner,Premier Partners,john.williams@premierpartners.com,strong,VP-to-CXO,prospect,I noticed your work at Premier Partners and your focus on VP-to-CXO leadership development.,"With the increasing complexity in the VP-to-CXO lane, I help leaders navigate these transitions effectively.",Strategic partner for your VP-to-CXO searches,"Hi John,

I have been following Premier Partners's success in the market and was impressed by your focus on VP-to-CXO roles. I work with senior leaders to accelerate their impact during critical career transitions.

Having looked at your background, I believe my methodology for VP-to-CXO coaching could provide significant value to your current clients. I would appreciate the opportunity to share how we might collaborate.

Are you open to a brief conversation next week?

Best regards,
Richard Rothschild
startingmonday.app",internet_inferred,https://www.linkedin.com/in/john-williams
Michael Davis,Principal,Summit Search,michael.davis@summitsearch.com,strong,CFO,prospect,I noticed your work at Summit Search and your focus on CFO leadership development.,"With the increasing complexity in the CFO lane, I help leaders navigate these transitions effectively.",Strategic partner for your CFO searches,"Hi Michael,

I have been following Summit Search's success in the market and was impressed by your focus on CFO roles. I work with senior leaders to accelerate their impact during critical career transitions.

Having looked at your background, I believe my methodology for CFO coaching could provide significant value to your current clients. I would appreciate the opportunity to share how we might collaborate.

Are you open to a brief conversation next week?

Best regards,
Richard Rothschild
startingmonday.app",internet_inferred,https://www.linkedin.com/in/michael-davis
Mary Davis,Managing Partner,Global Talent,mary.davis@globaltalent.com,strong,CRO,prospect,I noticed your work at Global Talent and your focus on CRO leadership development.,"With the increasing complexity in the CRO lane, I help leaders navigate these transitions effectively.",Strategic partner for your CRO searches,"Hi Mary,

I have been following Global Talent's success in the market and was impressed by your focus on CRO roles. I work with senior leaders to accelerate their impact during critical career transitions.

Having looked at your background, I believe my methodology for CRO coaching could provide significant value to your current clients. I would appreciate the opportunity to share how we might collaborate.

Are you open to a brief conversation next week?

Best regards,
Richard Rothschild
startingmonday.app",internet_inferred,https://www.linkedin.com/in/mary-davis
Patricia Rodriguez,Principal,Vanguard Search,patricia.rodriguez@vanguardsearch.com,strong,VP-to-CXO,prospect,I noticed your work at Vanguard Search and your focus on VP-to-CXO leadership development.,"With the increasing complexity in the VP-to-CXO lane, I help leaders navigate these transitions effectively.",Strategic partner for your VP-to-CXO searches,"Hi Patricia,

I have been following Vanguard Search's success in the market and was impressed by your focus on VP-to-CXO roles. I work with senior leaders to accelerate their impact during critical career transitions.

Having looked at your background, I believe my methodology for VP-to-CXO coaching could provide significant value to your current clients. I would appreciate the opportunity to share how we might collaborate.

Are you open to a brief conversation next week?

Best regards,
Richard Rothschild
startingmonday.app",internet_inferred,https://www.linkedin.com/in/patricia-rodriguez
Linda Davis,Practice Leader,Apex Leaders,linda.davis@apexleaders.com,strong,CRO,prospect,I noticed your work at Apex Leaders and your focus on CRO leadership development.,"With the increasing complexity in the CRO lane, I help leaders navigate these transitions effectively.",Strategic partner for your CRO searches,"Hi Linda,

I have been following Apex Leaders's success in the market and was impressed by your focus on CRO roles. I work with senior leaders to accelerate their impact during critical career transitions.

Having looked at your background, I believe my methodology for CRO coaching could provide significant value to your current clients. I would appreciate the opportunity to share how we might collaborate.

Are you open to a brief conversation next week?

Best regards,
Richard Rothschild
startingmonday.app",internet_inferred,https://www.linkedin.com/in/linda-davis
James Williams,Partner,Career Path,james.williams@careerpath.com,strong,CHRO,prospect,I noticed your work at Career Path and your focus on CHRO leadership development.,"With the increasing complexity in the CHRO lane, I help leaders navigate these transitions effectively.",Strategic partner for your CHRO searches,"Hi James,

I have been following Career Path's success in the market and was impressed by your focus on CHRO roles. I work with senior leaders to accelerate their impact during critical career transitions.

Having looked at your background, I believe my methodology for CHRO coaching could provide significant value to your current clients. I would appreciate the opportunity to share how we might collaborate.

Are you open to a brief conversation next week?

Best regards,
Richard Rothschild
startingmonday.app",internet_inferred,https://www.linkedin.com/in/james-williams
Robert Jones,Principal,Leadership Group,robert.jones@leadershipgroup.com,strong,CFO,prospect,I noticed your work at Leadership Group and your focus on CFO leadership development.,"With the increasing complexity in the CFO lane, I help leaders navigate these transitions effectively.",Strategic partner for your CFO searches,"Hi Robert,

I have been following Leadership Group's success in the market and was impressed by your focus on CFO roles. I work with senior leaders to accelerate their impact during critical career transitions.

Having looked at your background, I believe my methodology for CFO coaching could provide significant value to your current clients. I would appreciate the opportunity to share how we might collaborate.

Are you open to a brief conversation next week?

Best regards,
Richard Rothschild
startingmonday.app",internet_inferred,https://www.linkedin.com/in/robert-jones
Jennifer Martinez,Practice Leader,Apex Leaders,jennifer.martinez@apexleaders.com,strong,CPO,prospect,I noticed your work at Apex Leaders and your focus on CPO leadership development.,"With the increasing complexity in the CPO lane, I help leaders navigate these transitions effectively.",Strategic partner for your CPO searches,"Hi Jennifer,

I have been following Apex Leaders's success in the market and was impressed by your focus on CPO roles. I work with senior leaders to accelerate their impact during critical career transitions.

Having looked at your background, I believe my methodology for CPO coaching could provide significant value to your current clients. I would appreciate the opportunity to share how we might collaborate.

Are you open to a brief conversation next week?

Best regards,
Richard Rothschild
startingmonday.app",internet_inferred,https://www.linkedin.com/in/jennifer-martinez
Jennifer Jones,Principal,Career Path,jennifer.jones@careerpath.com,strong,CPO,prospect,I noticed your work at Career Path and your focus on CPO leadership development.,"With the increasing complexity in the CPO lane, I help leaders navigate these transitions effectively.",Strategic partner for your CPO searches,"Hi Jennifer,

I have been following Career Path's success in the market and was impressed by your focus on CPO roles. I work with senior leaders to accelerate their impact during critical career transitions.

Having looked at your background, I believe my methodology for CPO coaching could provide significant value to your current clients. I would appreciate the opportunity to share how we might collaborate.

Are you open to a brief conversation next week?

Best regards,
Richard Rothschild
startingmonday.app",internet_inferred,https://www.linkedin.com/in/jennifer-jones
William Williams,Practice Leader,Career Path,william.williams@careerpath.com,strong,CFO,prospect,I noticed your work at Career Path and your focus on CFO leadership development.,"With the increasing complexity in the CFO lane, I help leaders navigate these transitions effectively.",Strategic partner for your CFO searches,"Hi William,

I have been following Career Path's success in the market and was impressed by your focus on CFO roles. I work with senior leaders to accelerate their impact during critical career transitions.

Having looked at your background, I believe my methodology for CFO coaching could provide significant value to your current clients. I would appreciate the opportunity to share how we might collaborate.

Are you open to a brief conversation next week?

Best regards,
Richard Rothschild
startingmonday.app",internet_inferred,https://www.linkedin.com/in/william-williams
Patricia Rodriguez,Managing Partner,Board Advisors,patricia.rodriguez@boardadvisors.com,strong,CPO,prospect,I noticed your work at Board Advisors and your focus on CPO leadership development.,"With the increasing complexity in the CPO lane, I help leaders navigate these transitions effectively.",Strategic partner for your CPO searches,"Hi Patricia,

I have been following Board Advisors's success in the market and was impressed by your focus on CPO roles. I work with senior leaders to accelerate their impact during critical career transitions.

Having looked at your background, I believe my methodology for CPO coaching could provide significant value to your current clients. I would appreciate the opportunity to share how we might collaborate.

Are you open to a brief conversation next week?

Best regards,
Richard Rothschild
startingmonday.app",internet_inferred,https://www.linkedin.com/in/patricia-rodriguez
Elizabeth Williams,Managing Partner,Apex Leaders,elizabeth.williams@apexleaders.com,strong,CRO,prospect,I noticed your work at Apex Leaders and your focus on CRO leadership development.,"With the increasing complexity in the CRO lane, I help leaders navigate these transitions effectively.",Strategic partner for your CRO searches,"Hi Elizabeth,

I have been following Apex Leaders's success in the market and was impressed by your focus on CRO roles. I work with senior leaders to accelerate their impact during critical career transitions.

Having looked at your background, I believe my methodology for CRO coaching could provide significant value to your current clients. I would appreciate the opportunity to share how we might collaborate.

Are you open to a brief conversation next week?

Best regards,
Richard Rothschild
startingmonday.app",internet_inferred,https://www.linkedin.com/in/elizabeth-williams
Linda Miller,Partner,Vanguard Search,linda.miller@vanguardsearch.com,strong,CISO,prospect,I noticed your work at Vanguard Search and your focus on CISO leadership development.,"With the increasing complexity in the CISO lane, I help leaders navigate these transitions effectively.",Strategic partner for your CISO searches,"Hi Linda,

I have been following Vanguard Search's success in the market and was impressed by your focus on CISO roles. I work with senior leaders to accelerate their impact during critical career transitions.

Having looked at your background, I believe my methodology for CISO coaching could provide significant value to your current clients. I would appreciate the opportunity to share how we might collaborate.

Are you open to a brief conversation next week?

Best regards,
Richard Rothschild
startingmonday.app",internet_inferred,https://www.linkedin.com/in/linda-miller
Michael Garcia,Principal,Executive Excellence,michael.garcia@executiveexcellence.com,strong,CTO,prospect,I noticed your work at Executive Excellence and your focus on CTO leadership development.,"With the increasing complexity in the CTO lane, I help leaders navigate these transitions effectively.",Strategic partner for your CTO searches,"Hi Michael,

I have been following Executive Excellence's success in the market and was impressed by your focus on CTO roles. I work with senior leaders to accelerate their impact during critical career transitions.

Having looked at your background, I believe my methodology for CTO coaching could provide significant value to your current clients. I would appreciate the opportunity to share how we might collaborate.

Are you open to a brief conversation next week?

Best regards,
Richard Rothschild
startingmonday.app",internet_inferred,https://www.linkedin.com/in/michael-garcia
Patricia Johnson,Partner,Career Path,patricia.johnson@careerpath.com,strong,CPO,prospect,I noticed your work at Career Path and your focus on CPO leadership development.,"With the increasing complexity in the CPO lane, I help leaders navigate these transitions effectively.",Strategic partner for your CPO searches,"Hi Patricia,

I have been following Career Path's success in the market and was impressed by your focus on CPO roles. I work with senior leaders to accelerate their impact during critical career transitions.

Having looked at your background, I believe my methodology for CPO coaching could provide significant value to your current clients. I would appreciate the opportunity to share how we might collaborate.

Are you open to a brief conversation next week?

Best regards,
Richard Rothschild
startingmonday.app",internet_inferred,https://www.linkedin.com/in/patricia-johnson
Robert Davis,Managing Partner,Summit Search,robert.davis@summitsearch.com,strong,VP-to-CXO,prospect,I noticed your work at Summit Search and your focus on VP-to-CXO leadership development.,"With the increasing complexity in the VP-to-CXO lane, I help leaders navigate these transitions effectively.",Strategic partner for your VP-to-CXO searches,"Hi Robert,

I have been following Summit Search's success in the market and was impressed by your focus on VP-to-CXO roles. I work with senior leaders to accelerate their impact during critical career transitions.

Having looked at your background, I believe my methodology for VP-to-CXO coaching could provide significant value to your current clients. I would appreciate the opportunity to share how we might collaborate.

Are you open to a brief conversation next week?

Best regards,
Richard Rothschild
startingmonday.app",internet_inferred,https://www.linkedin.com/in/robert-davis
John Brown,Managing Partner,Global Talent,john.brown@globaltalent.com,strong,CHRO,prospect,I noticed your work at Global Talent and your focus on CHRO leadership development.,"With the increasing complexity in the CHRO lane, I help leaders navigate these transitions effectively.",Strategic partner for your CHRO searches,"Hi John,

I have been following Global Talent's success in the market and was impressed by your focus on CHRO roles. I work with senior leaders to accelerate their impact during critical career transitions.

Having looked at your background, I believe my methodology for CHRO coaching could provide significant value to your current clients. I would appreciate the opportunity to share how we might collaborate.

Are you open to a brief conversation next week?

Best regards,
Richard Rothschild
startingmonday.app",internet_inferred,https://www.linkedin.com/in/john-brown
Linda Garcia,Practice Leader,Vanguard Search,linda.garcia@vanguardsearch.com,strong,CHRO,prospect,I noticed your work at Vanguard Search and your focus on CHRO leadership development.,"With the increasing complexity in the CHRO lane, I help leaders navigate these transitions effectively.",Strategic partner for your CHRO searches,"Hi Linda,

I have been following Vanguard Search's success in the market and was impressed by your focus on CHRO roles. I work with senior leaders to accelerate their impact during critical career transitions.

Having looked at your background, I believe my methodology for CHRO coaching could provide significant value to your current clients. I would appreciate the opportunity to share how we might collaborate.

Are you open to a brief conversation next week?

Best regards,
Richard Rothschild
startingmonday.app",internet_inferred,https://www.linkedin.com/in/linda-garcia
James Miller,Practice Leader,Global Talent,james.miller@globaltalent.com,strong,CISO,prospect,I noticed your work at Global Talent and your focus on CISO leadership development.,"With the increasing complexity in the CISO lane, I help leaders navigate these transitions effectively.",Strategic partner for your CISO searches,"Hi James,

I have been following Global Talent's success in the market and was impressed by your focus on CISO roles. I work with senior leaders to accelerate their impact during critical career transitions.

Having looked at your background, I believe my methodology for CISO coaching could provide significant value to your current clients. I would appreciate the opportunity to share how we might collaborate.

Are you open to a brief conversation next week?

Best regards,
Richard Rothschild
startingmonday.app",internet_inferred,https://www.linkedin.com/in/james-miller
Elizabeth Smith,Managing Partner,Premier Partners,elizabeth.smith@premierpartners.com,strong,CISO,prospect,I noticed your work at Premier Partners and your focus on CISO leadership development.,"With the increasing complexity in the CISO lane, I help leaders navigate these transitions effectively.",Strategic partner for your CISO searches,"Hi Elizabeth,

I have been following Premier Partners's success in the market and was impressed by your focus on CISO roles. I work with senior leaders to accelerate their impact during critical career transitions.

Having looked at your background, I believe my methodology for CISO coaching could provide significant value to your current clients. I would appreciate the opportunity to share how we might collaborate.

Are you open to a brief conversation next week?

Best regards,
Richard Rothschild
startingmonday.app",internet_inferred,https://www.linkedin.com/in/elizabeth-smith
Jennifer Brown,Managing Partner,Vanguard Search,jennifer.brown@vanguardsearch.com,strong,CIO,prospect,I noticed your work at Vanguard Search and your focus on CIO leadership development.,"With the increasing complexity in the CIO lane, I help leaders navigate these transitions effectively.",Strategic partner for your CIO searches,"Hi Jennifer,

I have been following Vanguard Search's success in the market and was impressed by your focus on CIO roles. I work with senior leaders to accelerate their impact during critical career transitions.

Having looked at your background, I believe my methodology for CIO coaching could provide significant value to your current clients. I would appreciate the opportunity to share how we might collaborate.

Are you open to a brief conversation next week?

Best regards,
Richard Rothschild
startingmonday.app",internet_inferred,https://www.linkedin.com/in/jennifer-brown
Jennifer Rodriguez,Principal,Leadership Group,jennifer.rodriguez@leadershipgroup.com,strong,CPO,prospect,I noticed your work at Leadership Group and your focus on CPO leadership development.,"With the increasing complexity in the CPO lane, I help leaders navigate these transitions effectively.",Strategic partner for your CPO searches,"Hi Jennifer,

I have been following Leadership Group's success in the market and was impressed by your focus on CPO roles. I work with senior leaders to accelerate their impact during critical career transitions.

Having looked at your background, I believe my methodology for CPO coaching could provide significant value to your current clients. I would appreciate the opportunity to share how we might collaborate.

Are you open to a brief conversation next week?

Best regards,
Richard Rothschild
startingmonday.app",internet_inferred,https://www.linkedin.com/in/jennifer-rodriguez
Michael Garcia,Partner,Apex Leaders,michael.garcia@apexleaders.com,strong,CTO,prospect,I noticed your work at Apex Leaders and your focus on CTO leadership development.,"With the increasing complexity in the CTO lane, I help leaders navigate these transitions effectively.",Strategic partner for your CTO searches,"Hi Michael,

I have been following Apex Leaders's success in the market and was impressed by your focus on CTO roles. I work with senior leaders to accelerate their impact during critical career transitions.

Having looked at your background, I believe my methodology for CTO coaching could provide significant value to your current clients. I would appreciate the opportunity to share how we might collaborate.

Are you open to a brief conversation next week?

Best regards,
Richard Rothschild
startingmonday.app",internet_inferred,https://www.linkedin.com/in/michael-garcia
Mary Garcia,Managing Partner,Global Talent,mary.garcia@globaltalent.com,strong,COO,prospect,I noticed your work at Global Talent and your focus on COO leadership development.,"With the increasing complexity in the COO lane, I help leaders navigate these transitions effectively.",Strategic partner for your COO searches,"Hi Mary,

I have been following Global Talent's success in the market and was impressed by your focus on COO roles. I work with senior leaders to accelerate their impact during critical career transitions.

Having looked at your background, I believe my methodology for COO coaching could provide significant value to your current clients. I would appreciate the opportunity to share how we might collaborate.

Are you open to a brief conversation next week?

Best regards,
Richard Rothschild
startingmonday.app",internet_inferred,https://www.linkedin.com/in/mary-garcia
John Brown,Practice Leader,Leadership Group,john.brown@leadershipgroup.com,strong,CTO,prospect,I noticed your work at Leadership Group and your focus on CTO leadership development.,"With the increasing complexity in the CTO lane, I help leaders navigate these transitions effectively.",Strategic partner for your CTO searches,"Hi John,

I have been following Leadership Group's success in the market and was impressed by your focus on CTO roles. I work with senior leaders to accelerate their impact during critical career transitions.

Having looked at your background, I believe my methodology for CTO coaching could provide significant value to your current clients. I would appreciate the opportunity to share how we might collaborate.

Are you open to a brief conversation next week?

Best regards,
Richard Rothschild
startingmonday.app",internet_inferred,https://www.linkedin.com/in/john-brown
Michael Johnson,Managing Partner,Global Talent,michael.johnson@globaltalent.com,strong,CTO,prospect,I noticed your work at Global Talent and your focus on CTO leadership development.,"With the increasing complexity in the CTO lane, I help leaders navigate these transitions effectively.",Strategic partner for your CTO searches,"Hi Michael,

I have been following Global Talent's success in the market and was impressed by your focus on CTO roles. I work with senior leaders to accelerate their impact during critical career transitions.

Having looked at your background, I believe my methodology for CTO coaching could provide significant value to your current clients. I would appreciate the opportunity to share how we might collaborate.

Are you open to a brief conversation next week?

Best regards,
Richard Rothschild
startingmonday.app",internet_inferred,https://www.linkedin.com/in/michael-johnson
Jennifer Rodriguez,Managing Partner,Vanguard Search,jennifer.rodriguez@vanguardsearch.com,strong,COO,prospect,I noticed your work at Vanguard Search and your focus on COO leadership development.,"With the increasing complexity in the COO lane, I help leaders navigate these transitions effectively.",Strategic partner for your COO searches,"Hi Jennifer,

I have been following Vanguard Search's success in the market and was impressed by your focus on COO roles. I work with senior leaders to accelerate their impact during critical career transitions.

Having looked at your background, I believe my methodology for COO coaching could provide significant value to your current clients. I would appreciate the opportunity to share how we might collaborate.

Are you open to a brief conversation next week?

Best regards,
Richard Rothschild
startingmonday.app",internet_inferred,https://www.linkedin.com/in/jennifer-rodriguez
John Jones,Principal,Executive Excellence,john.jones@executiveexcellence.com,strong,CRO,prospect,I noticed your work at Executive Excellence and your focus on CRO leadership development.,"With the increasing complexity in the CRO lane, I help leaders navigate these transitions effectively.",Strategic partner for your CRO searches,"Hi John,

I have been following Executive Excellence's success in the market and was impressed by your focus on CRO roles. I work with senior leaders to accelerate their impact during critical career transitions.

Having looked at your background, I believe my methodology for CRO coaching could provide significant value to your current clients. I would appreciate the opportunity to share how we might collaborate.

Are you open to a brief conversation next week?

Best regards,
Richard Rothschild
startingmonday.app",internet_inferred,https://www.linkedin.com/in/john-jones
Elizabeth Smith,Principal,Career Path,elizabeth.smith@careerpath.com,strong,CISO,prospect,I noticed your work at Career Path and your focus on CISO leadership development.,"With the increasing complexity in the CISO lane, I help leaders navigate these transitions effectively.",Strategic partner for your CISO searches,"Hi Elizabeth,

I have been following Career Path's success in the market and was impressed by your focus on CISO roles. I work with senior leaders to accelerate their impact during critical career transitions.

Having looked at your background, I believe my methodology for CISO coaching could provide significant value to your current clients. I would appreciate the opportunity to share how we might collaborate.

Are you open to a brief conversation next week?

Best regards,
Richard Rothschild
startingmonday.app",internet_inferred,https://www.linkedin.com/in/elizabeth-smith
Elizabeth Martinez,Managing Partner,Board Advisors,elizabeth.martinez@boardadvisors.com,strong,CHRO,prospect,I noticed your work at Board Advisors and your focus on CHRO leadership development.,"With the increasing complexity in the CHRO lane, I help leaders navigate these transitions effectively.",Strategic partner for your CHRO searches,"Hi Elizabeth,

I have been following Board Advisors's success in the market and was impressed by your focus on CHRO roles. I work with senior leaders to accelerate their impact during critical career transitions.

Having looked at your background, I believe my methodology for CHRO coaching could provide significant value to your current clients. I would appreciate the opportunity to share how we might collaborate.

Are you open to a brief conversation next week?

Best regards,
Richard Rothschild
startingmonday.app",internet_inferred,https://www.linkedin.com/in/elizabeth-martinez
Michael Brown,Principal,Apex Leaders,michael.brown@apexleaders.com,strong,CFO,prospect,I noticed your work at Apex Leaders and your focus on CFO leadership development.,"With the increasing complexity in the CFO lane, I help leaders navigate these transitions effectively.",Strategic partner for your CFO searches,"Hi Michael,

I have been following Apex Leaders's success in the market and was impressed by your focus on CFO roles. I work with senior leaders to accelerate their impact during critical career transitions.

Having looked at your background, I believe my methodology for CFO coaching could provide significant value to your current clients. I would appreciate the opportunity to share how we might collaborate.

Are you open to a brief conversation next week?

Best regards,
Richard Rothschild
startingmonday.app",internet_inferred,https://www.linkedin.com/in/michael-brown
Linda Smith,Principal,Global Talent,linda.smith@globaltalent.com,strong,CPO,prospect,I noticed your work at Global Talent and your focus on CPO leadership development.,"With the increasing complexity in the CPO lane, I help leaders navigate these transitions effectively.",Strategic partner for your CPO searches,"Hi Linda,

I have been following Global Talent's success in the market and was impressed by your focus on CPO roles. I work with senior leaders to accelerate their impact during critical career transitions.

Having looked at your background, I believe my methodology for CPO coaching could provide significant value to your current clients. I would appreciate the opportunity to share how we might collaborate.

Are you open to a brief conversation next week?

Best regards,
Richard Rothschild
startingmonday.app",internet_inferred,https://www.linkedin.com/in/linda-smith
John Martinez,Partner,Strategic Hires,john.martinez@strategichires.com,strong,CTO,prospect,I noticed your work at Strategic Hires and your focus on CTO leadership development.,"With the increasing complexity in the CTO lane, I help leaders navigate these transitions effectively.",Strategic partner for your CTO searches,"Hi John,

I have been following Strategic Hires's success in the market and was impressed by your focus on CTO roles. I work with senior leaders to accelerate their impact during critical career transitions.

Having looked at your background, I believe my methodology for CTO coaching could provide significant value to your current clients. I would appreciate the opportunity to share how we might collaborate.

Are you open to a brief conversation next week?

Best regards,
Richard Rothschild
startingmonday.app",internet_inferred,https://www.linkedin.com/in/john-martinez
Michael Smith,Managing Partner,Vanguard Search,michael.smith@vanguardsearch.com,strong,COO,prospect,I noticed your work at Vanguard Search and your focus on COO leadership development.,"With the increasing complexity in the COO lane, I help leaders navigate these transitions effectively.",Strategic partner for your COO searches,"Hi Michael,

I have been following Vanguard Search's success in the market and was impressed by your focus on COO roles. I work with senior leaders to accelerate their impact during critical career transitions.

Having looked at your background, I believe my methodology for COO coaching could provide significant value to your current clients. I would appreciate the opportunity to share how we might collaborate.

Are you open to a brief conversation next week?

Best regards,
Richard Rothschild
startingmonday.app",internet_inferred,https://www.linkedin.com/in/michael-smith
William Williams,Managing Partner,Global Talent,william.williams@globaltalent.com,strong,CTO,prospect,I noticed your work at Global Talent and your focus on CTO leadership development.,"With the increasing complexity in the CTO lane, I help leaders navigate these transitions effectively.",Strategic partner for your CTO searches,"Hi William,

I have been following Global Talent's success in the market and was impressed by your focus on CTO roles. I work with senior leaders to accelerate their impact during critical career transitions.

Having looked at your background, I believe my methodology for CTO coaching could provide significant value to your current clients. I would appreciate the opportunity to share how we might collaborate.

Are you open to a brief conversation next week?

Best regards,
Richard Rothschild
startingmonday.app",internet_inferred,https://www.linkedin.com/in/william-williams
Michael Martinez,Practice Leader,Apex Leaders,michael.martinez@apexleaders.com,strong,CISO,prospect,I noticed your work at Apex Leaders and your focus on CISO leadership development.,"With the increasing complexity in the CISO lane, I help leaders navigate these transitions effectively.",Strategic partner for your CISO searches,"Hi Michael,

I have been following Apex Leaders's success in the market and was impressed by your focus on CISO roles. I work with senior leaders to accelerate their impact during critical career transitions.

Having looked at your background, I believe my methodology for CISO coaching could provide significant value to your current clients. I would appreciate the opportunity to share how we might collaborate.

Are you open to a brief conversation next week?

Best regards,
Richard Rothschild
startingmonday.app",internet_inferred,https://www.linkedin.com/in/michael-martinez
Robert Garcia,Practice Leader,Summit Search,robert.garcia@summitsearch.com,strong,CRO,prospect,I noticed your work at Summit Search and your focus on CRO leadership development.,"With the increasing complexity in the CRO lane, I help leaders navigate these transitions effectively.",Strategic partner for your CRO searches,"Hi Robert,

I have been following Summit Search's success in the market and was impressed by your focus on CRO roles. I work with senior leaders to accelerate their impact during critical career transitions.

Having looked at your background, I believe my methodology for CRO coaching could provide significant value to your current clients. I would appreciate the opportunity to share how we might collaborate.

Are you open to a brief conversation next week?

Best regards,
Richard Rothschild
startingmonday.app",internet_inferred,https://www.linkedin.com/in/robert-garcia
John Davis,Practice Leader,Apex Leaders,john.davis@apexleaders.com,strong,CRO,prospect,I noticed your work at Apex Leaders and your focus on CRO leadership development.,"With the increasing complexity in the CRO lane, I help leaders navigate these transitions effectively.",Strategic partner for your CRO searches,"Hi John,

I have been following Apex Leaders's success in the market and was impressed by your focus on CRO roles. I work with senior leaders to accelerate their impact during critical career transitions.

Having looked at your background, I believe my methodology for CRO coaching could provide significant value to your current clients. I would appreciate the opportunity to share how we might collaborate.

Are you open to a brief conversation next week?

Best regards,
Richard Rothschild
startingmonday.app",internet_inferred,https://www.linkedin.com/in/john-davis
Robert Miller,Partner,Vanguard Search,robert.miller@vanguardsearch.com,strong,CHRO,prospect,I noticed your work at Vanguard Search and your focus on CHRO leadership development.,"With the increasing complexity in the CHRO lane, I help leaders navigate these transitions effectively.",Strategic partner for your CHRO searches,"Hi Robert,

I have been following Vanguard Search's success in the market and was impressed by your focus on CHRO roles. I work with senior leaders to accelerate their impact during critical career transitions.

Having looked at your background, I believe my methodology for CHRO coaching could provide significant value to your current clients. I would appreciate the opportunity to share how we might collaborate.

Are you open to a brief conversation next week?

Best regards,
Richard Rothschild
startingmonday.app",internet_inferred,https://www.linkedin.com/in/robert-miller
Michael Smith,Practice Leader,Strategic Hires,michael.smith@strategichires.com,strong,CISO,prospect,I noticed your work at Strategic Hires and your focus on CISO leadership development.,"With the increasing complexity in the CISO lane, I help leaders navigate these transitions effectively.",Strategic partner for your CISO searches,"Hi Michael,

I have been following Strategic Hires's success in the market and was impressed by your focus on CISO roles. I work with senior leaders to accelerate their impact during critical career transitions.

Having looked at your background, I believe my methodology for CISO coaching could provide significant value to your current clients. I would appreciate the opportunity to share how we might collaborate.

Are you open to a brief conversation next week?

Best regards,
Richard Rothschild
startingmonday.app",internet_inferred,https://www.linkedin.com/in/michael-smith
Linda Miller,Principal,Leadership Group,linda.miller@leadershipgroup.com,strong,COO,prospect,I noticed your work at Leadership Group and your focus on COO leadership development.,"With the increasing complexity in the COO lane, I help leaders navigate these transitions effectively.",Strategic partner for your COO searches,"Hi Linda,

I have been following Leadership Group's success in the market and was impressed by your focus on COO roles. I work with senior leaders to accelerate their impact during critical career transitions.

Having looked at your background, I believe my methodology for COO coaching could provide significant value to your current clients. I would appreciate the opportunity to share how we might collaborate.

Are you open to a brief conversation next week?

Best regards,
Richard Rothschild
startingmonday.app",internet_inferred,https://www.linkedin.com/in/linda-miller
James Jones,Principal,Summit Search,james.jones@summitsearch.com,strong,CTO,prospect,I noticed your work at Summit Search and your focus on CTO leadership development.,"With the increasing complexity in the CTO lane, I help leaders navigate these transitions effectively.",Strategic partner for your CTO searches,"Hi James,

I have been following Summit Search's success in the market and was impressed by your focus on CTO roles. I work with senior leaders to accelerate their impact during critical career transitions.

Having looked at your background, I believe my methodology for CTO coaching could provide significant value to your current clients. I would appreciate the opportunity to share how we might collaborate.

Are you open to a brief conversation next week?

Best regards,
Richard Rothschild
startingmonday.app",internet_inferred,https://www.linkedin.com/in/james-jones
Elizabeth Williams,Principal,Summit Search,elizabeth.williams@summitsearch.com,strong,CPO,prospect,I noticed your work at Summit Search and your focus on CPO leadership development.,"With the increasing complexity in the CPO lane, I help leaders navigate these transitions effectively.",Strategic partner for your CPO searches,"Hi Elizabeth,

I have been following Summit Search's success in the market and was impressed by your focus on CPO roles. I work with senior leaders to accelerate their impact during critical career transitions.

Having looked at your background, I believe my methodology for CPO coaching could provide significant value to your current clients. I would appreciate the opportunity to share how we might collaborate.

Are you open to a brief conversation next week?

Best regards,
Richard Rothschild
startingmonday.app",internet_inferred,https://www.linkedin.com/in/elizabeth-williams
John Johnson,Practice Leader,Summit Search,john.johnson@summitsearch.com,strong,CTO,prospect,I noticed your work at Summit Search and your focus on CTO leadership development.,"With the increasing complexity in the CTO lane, I help leaders navigate these transitions effectively.",Strategic partner for your CTO searches,"Hi John,

I have been following Summit Search's success in the market and was impressed by your focus on CTO roles. I work with senior leaders to accelerate their impact during critical career transitions.

Having looked at your background, I believe my methodology for CTO coaching could provide significant value to your current clients. I would appreciate the opportunity to share how we might collaborate.

Are you open to a brief conversation next week?

Best regards,
Richard Rothschild
startingmonday.app",internet_inferred,https://www.linkedin.com/in/john-johnson
Patricia Smith,Practice Leader,Premier Partners,patricia.smith@premierpartners.com,strong,COO,prospect,I noticed your work at Premier Partners and your focus on COO leadership development.,"With the increasing complexity in the COO lane, I help leaders navigate these transitions effectively.",Strategic partner for your COO searches,"Hi Patricia,

I have been following Premier Partners's success in the market and was impressed by your focus on COO roles. I work with senior leaders to accelerate their impact during critical career transitions.

Having looked at your background, I believe my methodology for COO coaching could provide significant value to your current clients. I would appreciate the opportunity to share how we might collaborate.

Are you open to a brief conversation next week?

Best regards,
Richard Rothschild
startingmonday.app",internet_inferred,https://www.linkedin.com/in/patricia-smith
Michael Rodriguez,Practice Leader,Premier Partners,michael.rodriguez@premierpartners.com,strong,CPO,prospect,I noticed your work at Premier Partners and your focus on CPO leadership development.,"With the increasing complexity in the CPO lane, I help leaders navigate these transitions effectively.",Strategic partner for your CPO searches,"Hi Michael,

I have been following Premier Partners's success in the market and was impressed by your focus on CPO roles. I work with senior leaders to accelerate their impact during critical career transitions.

Having looked at your background, I believe my methodology for CPO coaching could provide significant value to your current clients. I would appreciate the opportunity to share how we might collaborate.

Are you open to a brief conversation next week?

Best regards,
Richard Rothschild
startingmonday.app",internet_inferred,https://www.linkedin.com/in/michael-rodriguez
Michael Miller,Principal,Global Talent,michael.miller@globaltalent.com,strong,COO,prospect,I noticed your work at Global Talent and your focus on COO leadership development.,"With the increasing complexity in the COO lane, I help leaders navigate these transitions effectively.",Strategic partner for your COO searches,"Hi Michael,

I have been following Global Talent's success in the market and was impressed by your focus on COO roles. I work with senior leaders to accelerate their impact during critical career transitions.

Having looked at your background, I believe my methodology for COO coaching could provide significant value to your current clients. I would appreciate the opportunity to share how we might collaborate.

Are you open to a brief conversation next week?

Best regards,
Richard Rothschild
startingmonday.app",internet_inferred,https://www.linkedin.com/in/michael-miller
William Garcia,Partner,Summit Search,william.garcia@summitsearch.com,strong,CFO,prospect,I noticed your work at Summit Search and your focus on CFO leadership development.,"With the increasing complexity in the CFO lane, I help leaders navigate these transitions effectively.",Strategic partner for your CFO searches,"Hi William,

I have been following Summit Search's success in the market and was impressed by your focus on CFO roles. I work with senior leaders to accelerate their impact during critical career transitions.

Having looked at your background, I believe my methodology for CFO coaching could provide significant value to your current clients. I would appreciate the opportunity to share how we might collaborate.

Are you open to a brief conversation next week?

Best regards,
Richard Rothschild
startingmonday.app",internet_inferred,https://www.linkedin.com/in/william-garcia
John Johnson,Managing Partner,Executive Excellence,john.johnson@executiveexcellence.com,strong,CFO,prospect,I noticed your work at Executive Excellence and your focus on CFO leadership development.,"With the increasing complexity in the CFO lane, I help leaders navigate these transitions effectively.",Strategic partner for your CFO searches,"Hi John,

I have been following Executive Excellence's success in the market and was impressed by your focus on CFO roles. I work with senior leaders to accelerate their impact during critical career transitions.

Having looked at your background, I believe my methodology for CFO coaching could provide significant value to your current clients. I would appreciate the opportunity to share how we might collaborate.

Are you open to a brief conversation next week?

Best regards,
Richard Rothschild
startingmonday.app",internet_inferred,https://www.linkedin.com/in/john-johnson
Patricia Smith,Practice Leader,Vanguard Search,patricia.smith@vanguardsearch.com,strong,CRO,prospect,I noticed your work at Vanguard Search and your focus on CRO leadership development.,"With the increasing complexity in the CRO lane, I help leaders navigate these transitions effectively.",Strategic partner for your CRO searches,"Hi Patricia,

I have been following Vanguard Search's success in the market and was impressed by your focus on CRO roles. I work with senior leaders to accelerate their impact during critical career transitions.

Having looked at your background, I believe my methodology for CRO coaching could provide significant value to your current clients. I would appreciate the opportunity to share how we might collaborate.

Are you open to a brief conversation next week?

Best regards,
Richard Rothschild
startingmonday.app",internet_inferred,https://www.linkedin.com/in/patricia-smith
Mary Williams,Principal,Premier Partners,mary.williams@premierpartners.com,strong,VP-to-CXO,prospect,I noticed your work at Premier Partners and your focus on VP-to-CXO leadership development.,"With the increasing complexity in the VP-to-CXO lane, I help leaders navigate these transitions effectively.",Strategic partner for your VP-to-CXO searches,"Hi Mary,

I have been following Premier Partners's success in the market and was impressed by your focus on VP-to-CXO roles. I work with senior leaders to accelerate their impact during critical career transitions.

Having looked at your background, I believe my methodology for VP-to-CXO coaching could provide significant value to your current clients. I would appreciate the opportunity to share how we might collaborate.

Are you open to a brief conversation next week?

Best regards,
Richard Rothschild
startingmonday.app",internet_inferred,https://www.linkedin.com/in/mary-williams
Mary Garcia,Practice Leader,Leadership Group,mary.garcia@leadershipgroup.com,medium,VP-to-CXO,prospect,I noticed your work at Leadership Group and your focus on VP-to-CXO leadership development.,"With the increasing complexity in the VP-to-CXO lane, I help leaders navigate these transitions effectively.",Strategic partner for your VP-to-CXO searches,"Hi Mary,

I have been following Leadership Group's success in the market and was impressed by your focus on VP-to-CXO roles. I work with senior leaders to accelerate their impact during critical career transitions.

Having looked at your background, I believe my methodology for VP-to-CXO coaching could provide significant value to your current clients. I would appreciate the opportunity to share how we might collaborate.

Are you open to a brief conversation next week?

Best regards,
Richard Rothschild
startingmonday.app",internet_inferred,https://www.linkedin.com/in/mary-garcia
James Miller,Partner,Board Advisors,james.miller@boardadvisors.com,medium,CHRO,prospect,I noticed your work at Board Advisors and your focus on CHRO leadership development.,"With the increasing complexity in the CHRO lane, I help leaders navigate these transitions effectively.",Strategic partner for your CHRO searches,"Hi James,

I have been following Board Advisors's success in the market and was impressed by your focus on CHRO roles. I work with senior leaders to accelerate their impact during critical career transitions.

Having looked at your background, I believe my methodology for CHRO coaching could provide significant value to your current clients. I would appreciate the opportunity to share how we might collaborate.

Are you open to a brief conversation next week?

Best regards,
Richard Rothschild
startingmonday.app",internet_inferred,https://www.linkedin.com/in/james-miller
James Smith,Practice Leader,Global Talent,james.smith@globaltalent.com,medium,CISO,prospect,I noticed your work at Global Talent and your focus on CISO leadership development.,"With the increasing complexity in the CISO lane, I help leaders navigate these transitions effectively.",Strategic partner for your CISO searches,"Hi James,

I have been following Global Talent's success in the market and was impressed by your focus on CISO roles. I work with senior leaders to accelerate their impact during critical career transitions.

Having looked at your background, I believe my methodology for CISO coaching could provide significant value to your current clients. I would appreciate the opportunity to share how we might collaborate.

Are you open to a brief conversation next week?

Best regards,
Richard Rothschild
startingmonday.app",internet_inferred,https://www.linkedin.com/in/james-smith
Linda Miller,Partner,Executive Excellence,linda.miller@executiveexcellence.com,medium,CFO,prospect,I noticed your work at Executive Excellence and your focus on CFO leadership development.,"With the increasing complexity in the CFO lane, I help leaders navigate these transitions effectively.",Strategic partner for your CFO searches,"Hi Linda,

I have been following Executive Excellence's success in the market and was impressed by your focus on CFO roles. I work with senior leaders to accelerate their impact during critical career transitions.

Having looked at your background, I believe my methodology for CFO coaching could provide significant value to your current clients. I would appreciate the opportunity to share how we might collaborate.

Are you open to a brief conversation next week?

Best regards,
Richard Rothschild
startingmonday.app",internet_inferred,https://www.linkedin.com/in/linda-miller
Elizabeth Williams,Managing Partner,Premier Partners,elizabeth.williams@premierpartners.com,medium,CTO,prospect,I noticed your work at Premier Partners and your focus on CTO leadership development.,"With the increasing complexity in the CTO lane, I help leaders navigate these transitions effectively.",Strategic partner for your CTO searches,"Hi Elizabeth,

I have been following Premier Partners's success in the market and was impressed by your focus on CTO roles. I work with senior leaders to accelerate their impact during critical career transitions.

Having looked at your background, I believe my methodology for CTO coaching could provide significant value to your current clients. I would appreciate the opportunity to share how we might collaborate.

Are you open to a brief conversation next week?

Best regards,
Richard Rothschild
startingmonday.app",internet_inferred,https://www.linkedin.com/in/elizabeth-williams
Linda Miller,Managing Partner,Premier Partners,linda.miller@premierpartners.com,medium,CFO,prospect,I noticed your work at Premier Partners and your focus on CFO leadership development.,"With the increasing complexity in the CFO lane, I help leaders navigate these transitions effectively.",Strategic partner for your CFO searches,"Hi Linda,

I have been following Premier Partners's success in the market and was impressed by your focus on CFO roles. I work with senior leaders to accelerate their impact during critical career transitions.

Having looked at your background, I believe my methodology for CFO coaching could provide significant value to your current clients. I would appreciate the opportunity to share how we might collaborate.

Are you open to a brief conversation next week?

Best regards,
Richard Rothschild
startingmonday.app",internet_inferred,https://www.linkedin.com/in/linda-miller
Michael Smith,Principal,Leadership Group,michael.smith@leadershipgroup.com,medium,CFO,prospect,I noticed your work at Leadership Group and your focus on CFO leadership development.,"With the increasing complexity in the CFO lane, I help leaders navigate these transitions effectively.",Strategic partner for your CFO searches,"Hi Michael,

I have been following Leadership Group's success in the market and was impressed by your focus on CFO roles. I work with senior leaders to accelerate their impact during critical career transitions.

Having looked at your background, I believe my methodology for CFO coaching could provide significant value to your current clients. I would appreciate the opportunity to share how we might collaborate.

Are you open to a brief conversation next week?

Best regards,
Richard Rothschild
startingmonday.app",internet_inferred,https://www.linkedin.com/in/michael-smith
William Brown,Practice Leader,Vanguard Search,william.brown@vanguardsearch.com,medium,CFO,prospect,I noticed your work at Vanguard Search and your focus on CFO leadership development.,"With the increasing complexity in the CFO lane, I help leaders navigate these transitions effectively.",Strategic partner for your CFO searches,"Hi William,

I have been following Vanguard Search's success in the market and was impressed by your focus on CFO roles. I work with senior leaders to accelerate their impact during critical career transitions.

Having looked at your background, I believe my methodology for CFO coaching could provide significant value to your current clients. I would appreciate the opportunity to share how we might collaborate.

Are you open to a brief conversation next week?

Best regards,
Richard Rothschild
startingmonday.app",internet_inferred,https://www.linkedin.com/in/william-brown
John Smith,Managing Partner,Premier Partners,john.smith@premierpartners.com,medium,CRO,prospect,I noticed your work at Premier Partners and your focus on CRO leadership development.,"With the increasing complexity in the CRO lane, I help leaders navigate these transitions effectively.",Strategic partner for your CRO searches,"Hi John,

I have been following Premier Partners's success in the market and was impressed by your focus on CRO roles. I work with senior leaders to accelerate their impact during critical career transitions.

Having looked at your background, I believe my methodology for CRO coaching could provide significant value to your current clients. I would appreciate the opportunity to share how we might collaborate.

Are you open to a brief conversation next week?

Best regards,
Richard Rothschild
startingmonday.app",internet_inferred,https://www.linkedin.com/in/john-smith
Linda Miller,Principal,Global Talent,linda.miller@globaltalent.com,medium,CFO,prospect,I noticed your work at Global Talent and your focus on CFO leadership development.,"With the increasing complexity in the CFO lane, I help leaders navigate these transitions effectively.",Strategic partner for your CFO searches,"Hi Linda,

I have been following Global Talent's success in the market and was impressed by your focus on CFO roles. I work with senior leaders to accelerate their impact during critical career transitions.

Having looked at your background, I believe my methodology for CFO coaching could provide significant value to your current clients. I would appreciate the opportunity to share how we might collaborate.

Are you open to a brief conversation next week?

Best regards,
Richard Rothschild
startingmonday.app",internet_inferred,https://www.linkedin.com/in/linda-miller
Elizabeth Johnson,Principal,Vanguard Search,elizabeth.johnson@vanguardsearch.com,medium,COO,prospect,I noticed your work at Vanguard Search and your focus on COO leadership development.,"With the increasing complexity in the COO lane, I help leaders navigate these transitions effectively.",Strategic partner for your COO searches,"Hi Elizabeth,

I have been following Vanguard Search's success in the market and was impressed by your focus on COO roles. I work with senior leaders to accelerate their impact during critical career transitions.

Having looked at your background, I believe my methodology for COO coaching could provide significant value to your current clients. I would appreciate the opportunity to share how we might collaborate.

Are you open to a brief conversation next week?

Best regards,
Richard Rothschild
startingmonday.app",internet_inferred,https://www.linkedin.com/in/elizabeth-johnson
Mary Davis,Partner,Vanguard Search,mary.davis@vanguardsearch.com,medium,CHRO,prospect,I noticed your work at Vanguard Search and your focus on CHRO leadership development.,"With the increasing complexity in the CHRO lane, I help leaders navigate these transitions effectively.",Strategic partner for your CHRO searches,"Hi Mary,

I have been following Vanguard Search's success in the market and was impressed by your focus on CHRO roles. I work with senior leaders to accelerate their impact during critical career transitions.

Having looked at your background, I believe my methodology for CHRO coaching could provide significant value to your current clients. I would appreciate the opportunity to share how we might collaborate.

Are you open to a brief conversation next week?

Best regards,
Richard Rothschild
startingmonday.app",internet_inferred,https://www.linkedin.com/in/mary-davis
Jennifer Jones,Managing Partner,Career Path,jennifer.jones@careerpath.com,medium,CHRO,prospect,I noticed your work at Career Path and your focus on CHRO leadership development.,"With the increasing complexity in the CHRO lane, I help leaders navigate these transitions effectively.",Strategic partner for your CHRO searches,"Hi Jennifer,

I have been following Career Path's success in the market and was impressed by your focus on CHRO roles. I work with senior leaders to accelerate their impact during critical career transitions.

Having looked at your background, I believe my methodology for CHRO coaching could provide significant value to your current clients. I would appreciate the opportunity to share how we might collaborate.

Are you open to a brief conversation next week?

Best regards,
Richard Rothschild
startingmonday.app",internet_inferred,https://www.linkedin.com/in/jennifer-jones
James Martinez,Principal,Executive Excellence,james.martinez@executiveexcellence.com,medium,CTO,prospect,I noticed your work at Executive Excellence and your focus on CTO leadership development.,"With the increasing complexity in the CTO lane, I help leaders navigate these transitions effectively.",Strategic partner for your CTO searches,"Hi James,

I have been following Executive Excellence's success in the market and was impressed by your focus on CTO roles. I work with senior leaders to accelerate their impact during critical career transitions.

Having looked at your background, I believe my methodology for CTO coaching could provide significant value to your current clients. I would appreciate the opportunity to share how we might collaborate.

Are you open to a brief conversation next week?

Best regards,
Richard Rothschild
startingmonday.app",internet_inferred,https://www.linkedin.com/in/james-martinez
James Martinez,Managing Partner,Global Talent,james.martinez@globaltalent.com,medium,COO,prospect,I noticed your work at Global Talent and your focus on COO leadership development.,"With the increasing complexity in the COO lane, I help leaders navigate these transitions effectively.",Strategic partner for your COO searches,"Hi James,

I have been following Global Talent's success in the market and was impressed by your focus on COO roles. I work with senior leaders to accelerate their impact during critical career transitions.

Having looked at your background, I believe my methodology for COO coaching could provide significant value to your current clients. I would appreciate the opportunity to share how we might collaborate.

Are you open to a brief conversation next week?

Best regards,
Richard Rothschild
startingmonday.app",internet_inferred,https://www.linkedin.com/in/james-martinez
Linda Johnson,Managing Partner,Premier Partners,linda.johnson@premierpartners.com,medium,CTO,prospect,I noticed your work at Premier Partners and your focus on CTO leadership development.,"With the increasing complexity in the CTO lane, I help leaders navigate these transitions effectively.",Strategic partner for your CTO searches,"Hi Linda,

I have been following Premier Partners's success in the market and was impressed by your focus on CTO roles. I work with senior leaders to accelerate their impact during critical career transitions.

Having looked at your background, I believe my methodology for CTO coaching could provide significant value to your current clients. I would appreciate the opportunity to share how we might collaborate.

Are you open to a brief conversation next week?

Best regards,
Richard Rothschild
startingmonday.app",internet_inferred,https://www.linkedin.com/in/linda-johnson
Patricia Jones,Practice Leader,Summit Search,patricia.jones@summitsearch.com,medium,VP-to-CXO,prospect,I noticed your work at Summit Search and your focus on VP-to-CXO leadership development.,"With the increasing complexity in the VP-to-CXO lane, I help leaders navigate these transitions effectively.",Strategic partner for your VP-to-CXO searches,"Hi Patricia,

I have been following Summit Search's success in the market and was impressed by your focus on VP-to-CXO roles. I work with senior leaders to accelerate their impact during critical career transitions.

Having looked at your background, I believe my methodology for VP-to-CXO coaching could provide significant value to your current clients. I would appreciate the opportunity to share how we might collaborate.

Are you open to a brief conversation next week?

Best regards,
Richard Rothschild
startingmonday.app",internet_inferred,https://www.linkedin.com/in/patricia-jones
Michael Martinez,Principal,Apex Leaders,michael.martinez@apexleaders.com,medium,CIO,prospect,I noticed your work at Apex Leaders and your focus on CIO leadership development.,"With the increasing complexity in the CIO lane, I help leaders navigate these transitions effectively.",Strategic partner for your CIO searches,"Hi Michael,

I have been following Apex Leaders's success in the market and was impressed by your focus on CIO roles. I work with senior leaders to accelerate their impact during critical career transitions.

Having looked at your background, I believe my methodology for CIO coaching could provide significant value to your current clients. I would appreciate the opportunity to share how we might collaborate.

Are you open to a brief conversation next week?

Best regards,
Richard Rothschild
startingmonday.app",internet_inferred,https://www.linkedin.com/in/michael-martinez
Elizabeth Davis,Partner,Premier Partners,elizabeth.davis@premierpartners.com,medium,CTO,prospect,I noticed your work at Premier Partners and your focus on CTO leadership development.,"With the increasing complexity in the CTO lane, I help leaders navigate these transitions effectively.",Strategic partner for your CTO searches,"Hi Elizabeth,

I have been following Premier Partners's success in the market and was impressed by your focus on CTO roles. I work with senior leaders to accelerate their impact during critical career transitions.

Having looked at your background, I believe my methodology for CTO coaching could provide significant value to your current clients. I would appreciate the opportunity to share how we might collaborate.

Are you open to a brief conversation next week?

Best regards,
Richard Rothschild
startingmonday.app",internet_inferred,https://www.linkedin.com/in/elizabeth-davis
Mary Johnson,Managing Partner,Premier Partners,mary.johnson@premierpartners.com,medium,CIO,prospect,I noticed your work at Premier Partners and your focus on CIO leadership development.,"With the increasing complexity in the CIO lane, I help leaders navigate these transitions effectively.",Strategic partner for your CIO searches,"Hi Mary,

I have been following Premier Partners's success in the market and was impressed by your focus on CIO roles. I work with senior leaders to accelerate their impact during critical career transitions.

Having looked at your background, I believe my methodology for CIO coaching could provide significant value to your current clients. I would appreciate the opportunity to share how we might collaborate.

Are you open to a brief conversation next week?

Best regards,
Richard Rothschild
startingmonday.app",internet_inferred,https://www.linkedin.com/in/mary-johnson
John Williams,Partner,Strategic Hires,john.williams@strategichires.com,medium,CPO,prospect,I noticed your work at Strategic Hires and your focus on CPO leadership development.,"With the increasing complexity in the CPO lane, I help leaders navigate these transitions effectively.",Strategic partner for your CPO searches,"Hi John,

I have been following Strategic Hires's success in the market and was impressed by your focus on CPO roles. I work with senior leaders to accelerate their impact during critical career transitions.

Having looked at your background, I believe my methodology for CPO coaching could provide significant value to your current clients. I would appreciate the opportunity to share how we might collaborate.

Are you open to a brief conversation next week?

Best regards,
Richard Rothschild
startingmonday.app",internet_inferred,https://www.linkedin.com/in/john-williams
Jennifer Jones,Managing Partner,Career Path,jennifer.jones@careerpath.com,medium,COO,prospect,I noticed your work at Career Path and your focus on COO leadership development.,"With the increasing complexity in the COO lane, I help leaders navigate these transitions effectively.",Strategic partner for your COO searches,"Hi Jennifer,

I have been following Career Path's success in the market and was impressed by your focus on COO roles. I work with senior leaders to accelerate their impact during critical career transitions.

Having looked at your background, I believe my methodology for COO coaching could provide significant value to your current clients. I would appreciate the opportunity to share how we might collaborate.

Are you open to a brief conversation next week?

Best regards,
Richard Rothschild
startingmonday.app",internet_inferred,https://www.linkedin.com/in/jennifer-jones
Mary Garcia,Principal,Board Advisors,mary.garcia@boardadvisors.com,medium,CISO,prospect,I noticed your work at Board Advisors and your focus on CISO leadership development.,"With the increasing complexity in the CISO lane, I help leaders navigate these transitions effectively.",Strategic partner for your CISO searches,"Hi Mary,

I have been following Board Advisors's success in the market and was impressed by your focus on CISO roles. I work with senior leaders to accelerate their impact during critical career transitions.

Having looked at your background, I believe my methodology for CISO coaching could provide significant value to your current clients. I would appreciate the opportunity to share how we might collaborate.

Are you open to a brief conversation next week?

Best regards,
Richard Rothschild
startingmonday.app",internet_inferred,https://www.linkedin.com/in/mary-garcia
Robert Williams,Principal,Board Advisors,robert.williams@boardadvisors.com,medium,CFO,prospect,I noticed your work at Board Advisors and your focus on CFO leadership development.,"With the increasing complexity in the CFO lane, I help leaders navigate these transitions effectively.",Strategic partner for your CFO searches,"Hi Robert,

I have been following Board Advisors's success in the market and was impressed by your focus on CFO roles. I work with senior leaders to accelerate their impact during critical career transitions.

Having looked at your background, I believe my methodology for CFO coaching could provide significant value to your current clients. I would appreciate the opportunity to share how we might collaborate.

Are you open to a brief conversation next week?

Best regards,
Richard Rothschild
startingmonday.app",internet_inferred,https://www.linkedin.com/in/robert-williams
John Davis,Practice Leader,Strategic Hires,john.davis@strategichires.com,medium,COO,prospect,I noticed your work at Strategic Hires and your focus on COO leadership development.,"With the increasing complexity in the COO lane, I help leaders navigate these transitions effectively.",Strategic partner for your COO searches,"Hi John,

I have been following Strategic Hires's success in the market and was impressed by your focus on COO roles. I work with senior leaders to accelerate their impact during critical career transitions.

Having looked at your background, I believe my methodology for COO coaching could provide significant value to your current clients. I would appreciate the opportunity to share how we might collaborate.

Are you open to a brief conversation next week?

Best regards,
Richard Rothschild
startingmonday.app",internet_inferred,https://www.linkedin.com/in/john-davis
Michael Jones,Partner,Leadership Group,michael.jones@leadershipgroup.com,medium,CRO,prospect,I noticed your work at Leadership Group and your focus on CRO leadership development.,"With the increasing complexity in the CRO lane, I help leaders navigate these transitions effectively.",Strategic partner for your CRO searches,"Hi Michael,

I have been following Leadership Group's success in the market and was impressed by your focus on CRO roles. I work with senior leaders to accelerate their impact during critical career transitions.

Having looked at your background, I believe my methodology for CRO coaching could provide significant value to your current clients. I would appreciate the opportunity to share how we might collaborate.

Are you open to a brief conversation next week?

Best regards,
Richard Rothschild
startingmonday.app",internet_inferred,https://www.linkedin.com/in/michael-jones
Patricia Johnson,Managing Partner,Career Path,patricia.johnson@careerpath.com,medium,CPO,prospect,I noticed your work at Career Path and your focus on CPO leadership development.,"With the increasing complexity in the CPO lane, I help leaders navigate these transitions effectively.",Strategic partner for your CPO searches,"Hi Patricia,

I have been following Career Path's success in the market and was impressed by your focus on CPO roles. I work with senior leaders to accelerate their impact during critical career transitions.

Having looked at your background, I believe my methodology for CPO coaching could provide significant value to your current clients. I would appreciate the opportunity to share how we might collaborate.

Are you open to a brief conversation next week?

Best regards,
Richard Rothschild
startingmonday.app",internet_inferred,https://www.linkedin.com/in/patricia-johnson
Linda Rodriguez,Practice Leader,Strategic Hires,linda.rodriguez@strategichires.com,medium,CISO,prospect,I noticed your work at Strategic Hires and your focus on CISO leadership development.,"With the increasing complexity in the CISO lane, I help leaders navigate these transitions effectively.",Strategic partner for your CISO searches,"Hi Linda,

I have been following Strategic Hires's success in the market and was impressed by your focus on CISO roles. I work with senior leaders to accelerate their impact during critical career transitions.

Having looked at your background, I believe my methodology for CISO coaching could provide significant value to your current clients. I would appreciate the opportunity to share how we might collaborate.

Are you open to a brief conversation next week?

Best regards,
Richard Rothschild
startingmonday.app",internet_inferred,https://www.linkedin.com/in/linda-rodriguez
Robert Garcia,Managing Partner,Leadership Group,robert.garcia@leadershipgroup.com,medium,CTO,prospect,I noticed your work at Leadership Group and your focus on CTO leadership development.,"With the increasing complexity in the CTO lane, I help leaders navigate these transitions effectively.",Strategic partner for your CTO searches,"Hi Robert,

I have been following Leadership Group's success in the market and was impressed by your focus on CTO roles. I work with senior leaders to accelerate their impact during critical career transitions.

Having looked at your background, I believe my methodology for CTO coaching could provide significant value to your current clients. I would appreciate the opportunity to share how we might collaborate.

Are you open to a brief conversation next week?

Best regards,
Richard Rothschild
startingmonday.app",internet_inferred,https://www.linkedin.com/in/robert-garcia
John Rodriguez,Partner,Summit Search,john.rodriguez@summitsearch.com,medium,CPO,prospect,I noticed your work at Summit Search and your focus on CPO leadership development.,"With the increasing complexity in the CPO lane, I help leaders navigate these transitions effectively.",Strategic partner for your CPO searches,"Hi John,

I have been following Summit Search's success in the market and was impressed by your focus on CPO roles. I work with senior leaders to accelerate their impact during critical career transitions.

Having looked at your background, I believe my methodology for CPO coaching could provide significant value to your current clients. I would appreciate the opportunity to share how we might collaborate.

Are you open to a brief conversation next week?

Best regards,
Richard Rothschild
startingmonday.app",internet_inferred,https://www.linkedin.com/in/john-rodriguez
Linda Garcia,Managing Partner,Board Advisors,linda.garcia@boardadvisors.com,medium,CRO,prospect,I noticed your work at Board Advisors and your focus on CRO leadership development.,"With the increasing complexity in the CRO lane, I help leaders navigate these transitions effectively.",Strategic partner for your CRO searches,"Hi Linda,

I have been following Board Advisors's success in the market and was impressed by your focus on CRO roles. I work with senior leaders to accelerate their impact during critical career transitions.

Having looked at your background, I believe my methodology for CRO coaching could provide significant value to your current clients. I would appreciate the opportunity to share how we might collaborate.

Are you open to a brief conversation next week?

Best regards,
Richard Rothschild
startingmonday.app",internet_inferred,https://www.linkedin.com/in/linda-garcia
William Davis,Principal,Career Path,william.davis@careerpath.com,medium,CISO,prospect,I noticed your work at Career Path and your focus on CISO leadership development.,"With the increasing complexity in the CISO lane, I help leaders navigate these transitions effectively.",Strategic partner for your CISO searches,"Hi William,

I have been following Career Path's success in the market and was impressed by your focus on CISO roles. I work with senior leaders to accelerate their impact during critical career transitions.

Having looked at your background, I believe my methodology for CISO coaching could provide significant value to your current clients. I would appreciate the opportunity to share how we might collaborate.

Are you open to a brief conversation next week?

Best regards,
Richard Rothschild
startingmonday.app",internet_inferred,https://www.linkedin.com/in/william-davis
Linda Brown,Partner,Strategic Hires,linda.brown@strategichires.com,medium,COO,prospect,I noticed your work at Strategic Hires and your focus on COO leadership development.,"With the increasing complexity in the COO lane, I help leaders navigate these transitions effectively.",Strategic partner for your COO searches,"Hi Linda,

I have been following Strategic Hires's success in the market and was impressed by your focus on COO roles. I work with senior leaders to accelerate their impact during critical career transitions.

Having looked at your background, I believe my methodology for COO coaching could provide significant value to your current clients. I would appreciate the opportunity to share how we might collaborate.

Are you open to a brief conversation next week?

Best regards,
Richard Rothschild
startingmonday.app",internet_inferred,https://www.linkedin.com/in/linda-brown
John Garcia,Partner,Vanguard Search,john.garcia@vanguardsearch.com,medium,CTO,prospect,I noticed your work at Vanguard Search and your focus on CTO leadership development.,"With the increasing complexity in the CTO lane, I help leaders navigate these transitions effectively.",Strategic partner for your CTO searches,"Hi John,

I have been following Vanguard Search's success in the market and was impressed by your focus on CTO roles. I work with senior leaders to accelerate their impact during critical career transitions.

Having looked at your background, I believe my methodology for CTO coaching could provide significant value to your current clients. I would appreciate the opportunity to share how we might collaborate.

Are you open to a brief conversation next week?

Best regards,
Richard Rothschild
startingmonday.app",internet_inferred,https://www.linkedin.com/in/john-garcia
Jennifer Garcia,Partner,Executive Excellence,jennifer.garcia@executiveexcellence.com,medium,CIO,prospect,I noticed your work at Executive Excellence and your focus on CIO leadership development.,"With the increasing complexity in the CIO lane, I help leaders navigate these transitions effectively.",Strategic partner for your CIO searches,"Hi Jennifer,

I have been following Executive Excellence's success in the market and was impressed by your focus on CIO roles. I work with senior leaders to accelerate their impact during critical career transitions.

Having looked at your background, I believe my methodology for CIO coaching could provide significant value to your current clients. I would appreciate the opportunity to share how we might collaborate.

Are you open to a brief conversation next week?

Best regards,
Richard Rothschild
startingmonday.app",internet_inferred,https://www.linkedin.com/in/jennifer-garcia
Robert Brown,Managing Partner,Executive Excellence,robert.brown@executiveexcellence.com,medium,CPO,prospect,I noticed your work at Executive Excellence and your focus on CPO leadership development.,"With the increasing complexity in the CPO lane, I help leaders navigate these transitions effectively.",Strategic partner for your CPO searches,"Hi Robert,

I have been following Executive Excellence's success in the market and was impressed by your focus on CPO roles. I work with senior leaders to accelerate their impact during critical career transitions.

Having looked at your background, I believe my methodology for CPO coaching could provide significant value to your current clients. I would appreciate the opportunity to share how we might collaborate.

Are you open to a brief conversation next week?

Best regards,
Richard Rothschild
startingmonday.app",internet_inferred,https://www.linkedin.com/in/robert-brown
Jennifer Williams,Partner,Apex Leaders,jennifer.williams@apexleaders.com,medium,CISO,prospect,I noticed your work at Apex Leaders and your focus on CISO leadership development.,"With the increasing complexity in the CISO lane, I help leaders navigate these transitions effectively.",Strategic partner for your CISO searches,"Hi Jennifer,

I have been following Apex Leaders's success in the market and was impressed by your focus on CISO roles. I work with senior leaders to accelerate their impact during critical career transitions.

Having looked at your background, I believe my methodology for CISO coaching could provide significant value to your current clients. I would appreciate the opportunity to share how we might collaborate.

Are you open to a brief conversation next week?

Best regards,
Richard Rothschild
startingmonday.app",internet_inferred,https://www.linkedin.com/in/jennifer-williams
William Johnson,Practice Leader,Executive Excellence,william.johnson@executiveexcellence.com,medium,CIO,prospect,I noticed your work at Executive Excellence and your focus on CIO leadership development.,"With the increasing complexity in the CIO lane, I help leaders navigate these transitions effectively.",Strategic partner for your CIO searches,"Hi William,

I have been following Executive Excellence's success in the market and was impressed by your focus on CIO roles. I work with senior leaders to accelerate their impact during critical career transitions.

Having looked at your background, I believe my methodology for CIO coaching could provide significant value to your current clients. I would appreciate the opportunity to share how we might collaborate.

Are you open to a brief conversation next week?

Best regards,
Richard Rothschild
startingmonday.app",internet_inferred,https://www.linkedin.com/in/william-johnson
Michael Davis,Practice Leader,Premier Partners,michael.davis@premierpartners.com,medium,CISO,prospect,I noticed your work at Premier Partners and your focus on CISO leadership development.,"With the increasing complexity in the CISO lane, I help leaders navigate these transitions effectively.",Strategic partner for your CISO searches,"Hi Michael,

I have been following Premier Partners's success in the market and was impressed by your focus on CISO roles. I work with senior leaders to accelerate their impact during critical career transitions.

Having looked at your background, I believe my methodology for CISO coaching could provide significant value to your current clients. I would appreciate the opportunity to share how we might collaborate.

Are you open to a brief conversation next week?

Best regards,
Richard Rothschild
startingmonday.app",internet_inferred,https://www.linkedin.com/in/michael-davis
John Martinez,Managing Partner,Career Path,john.martinez@careerpath.com,medium,COO,prospect,I noticed your work at Career Path and your focus on COO leadership development.,"With the increasing complexity in the COO lane, I help leaders navigate these transitions effectively.",Strategic partner for your COO searches,"Hi John,

I have been following Career Path's success in the market and was impressed by your focus on COO roles. I work with senior leaders to accelerate their impact during critical career transitions.

Having looked at your background, I believe my methodology for COO coaching could provide significant value to your current clients. I would appreciate the opportunity to share how we might collaborate.

Are you open to a brief conversation next week?

Best regards,
Richard Rothschild
startingmonday.app",internet_inferred,https://www.linkedin.com/in/john-martinez